                  epoch,         train/box_loss,         train/cls_loss,         train/dfl_loss,   metrics/precision(B),      metrics/recall(B),       metrics/mAP50(B),    metrics/mAP50-95(B),           val/box_loss,           val/cls_loss,           val/dfl_loss,                 lr/pg0,                 lr/pg1,                 lr/pg2
                      1,                 1.2739,                 1.8572,                 1.6176,                0.45064,                0.53219,                 0.4575,                0.28623,                 1.3123,                 1.8812,                 1.8156,               0.067057,             0.00033276,             0.00033276
                      1,                 1.2593,                 1.8431,                 1.6074,                0.49371,                0.68149,                0.55951,                0.35834,                 1.2215,                 1.5763,                 1.7274,               0.067057,             0.00033276,             0.00033276
                      1,                 1.2664,                 1.8262,                 1.6169,                0.54627,                0.72039,                0.61411,                0.42599,                   1.08,                 1.3527,                 1.5691,               0.067057,             0.00033276,             0.00033276
                      1,                 1.2642,                 1.8471,                  1.612,                0.45035,                0.67822,                0.53931,                0.35977,                 1.1686,                 1.4972,                 1.6643,               0.067057,             0.00033276,             0.00033276
                      2,                 1.2223,                 1.5794,                 1.5493,                0.50419,                0.71107,                0.61713,                0.42855,                 1.0784,                 1.5433,                 1.5827,               0.034051,             0.00065949,             0.00065949
                      3,                 1.2133,                 1.5213,                 1.5567,                0.48474,                0.70474,                0.55966,                0.38731,                 1.1122,                 1.4591,                 1.6241,              0.0010374,             0.00097963,             0.00097963
                      4,                   1.18,                 1.4431,                 1.5202,                0.61038,                0.76736,                0.75998,                0.53967,                  1.021,                 1.1013,                 1.4805,              0.0009703,              0.0009703,              0.0009703
                      5,                  1.155,                 1.3851,                 1.4963,                0.63297,                0.72464,                0.70456,                0.51286,                 1.0021,                  1.146,                 1.4707,              0.0009604,              0.0009604,              0.0009604
                      6,                 1.1167,                 1.3221,                 1.4691,                0.62857,                0.74623,                0.76627,                0.56414,                0.97863,                 1.0667,                 1.4455,              0.0009505,              0.0009505,              0.0009505
                      7,                 1.0864,                 1.2723,                 1.4394,                0.60229,                0.77935,                0.77062,                 0.5589,                 1.0227,                 1.0374,                 1.4769,              0.0009406,              0.0009406,              0.0009406
                      8,                 1.0718,                 1.2411,                 1.4264,                0.70803,                0.75804,                0.78425,                 0.5988,                0.92359,                0.94841,                 1.3975,              0.0009307,              0.0009307,              0.0009307
                      9,                 1.0507,                 1.2206,                 1.4116,                0.63544,                0.74834,                 0.7559,                 0.5544,                 1.0066,                 1.0866,                 1.4307,              0.0009208,              0.0009208,              0.0009208
                     10,                 1.0422,                 1.1751,                 1.4023,                0.66187,                0.70452,                0.77099,                0.58734,                0.94324,                  1.123,                 1.3857,              0.0009109,              0.0009109,              0.0009109
                     11,                 1.0154,                 1.1177,                 1.3764,                0.67434,                 0.7729,                0.81321,                0.60398,                0.92563,                0.92326,                 1.4028,               0.000901,               0.000901,               0.000901
                     12,                 1.0105,                 1.1076,                 1.3736,                0.74978,                0.75548,                0.82406,                0.62682,                0.91335,                0.88745,                 1.3805,              0.0008911,              0.0008911,              0.0008911
                     13,                0.99446,                 1.0751,                 1.3658,                0.72236,                 0.7693,                  0.844,                0.64727,                0.91499,                0.89362,                 1.3589,              0.0008812,              0.0008812,              0.0008812
                     14,                0.98301,                  1.067,                 1.3587,                0.74108,                0.82102,                0.84922,                0.65571,                0.88738,                0.81548,                 1.3388,              0.0008713,              0.0008713,              0.0008713
                     15,                 0.9878,                 1.0648,                 1.3611,                  0.756,                0.77981,                0.83759,                0.64143,                0.89631,                 0.8247,                 1.3196,              0.0008614,              0.0008614,              0.0008614
                     16,                0.95795,                 1.0248,                 1.3376,                0.70684,                0.78838,                 0.8276,                0.63744,                0.87085,                0.91511,                 1.3631,              0.0008515,              0.0008515,              0.0008515
                     17,                0.94786,                 1.0165,                 1.3294,                0.78516,                0.76114,                0.86345,                0.65766,                0.90357,                0.80815,                 1.3495,              0.0008416,              0.0008416,              0.0008416
                     18,                 0.9546,                0.99079,                 1.3324,                0.81252,                0.77609,                0.86455,                0.66178,                0.88675,                0.77939,                 1.3279,              0.0008317,              0.0008317,              0.0008317
                     19,                0.94823,                0.96988,                 1.3271,                0.82498,                0.77475,                0.85528,                0.65952,                0.88422,                0.78155,                  1.344,              0.0008218,              0.0008218,              0.0008218
                     20,                0.95364,                0.97758,                 1.3326,                0.80188,                0.80547,                0.87114,                0.67858,                0.87056,                0.76253,                 1.3272,              0.0008119,              0.0008119,              0.0008119
                     21,                0.94404,                0.94306,                 1.3261,                 0.7829,                0.75668,                0.85137,                0.66339,                0.88424,                0.83459,                 1.3295,               0.000802,               0.000802,               0.000802
                     22,                0.92437,                0.93001,                 1.3143,                0.75402,                0.78479,                0.84436,                0.64542,                0.90512,                 0.8387,                 1.3294,              0.0007921,              0.0007921,              0.0007921
                     23,                0.91693,                0.90648,                 1.3025,                0.79682,                0.76554,                0.87195,                0.67033,                0.88859,                0.77084,                 1.3482,              0.0007822,              0.0007822,              0.0007822
                     24,                0.92283,                0.91645,                 1.3099,                0.82329,                0.81391,                0.87685,                0.68571,                0.86194,                0.75774,                 1.3005,              0.0007723,              0.0007723,              0.0007723
                     25,                0.91581,                0.87519,                 1.2994,                0.85238,                0.79799,                0.88033,                 0.6862,                0.84268,                0.70646,                 1.3113,              0.0007624,              0.0007624,              0.0007624
                     26,                 0.9076,                0.89127,                  1.297,                0.81459,                0.82362,                 0.8818,                0.67947,                0.87156,                0.74042,                 1.2882,              0.0007525,              0.0007525,              0.0007525
                     27,                0.90043,                0.86179,                 1.2845,                0.81722,                0.82921,                0.86599,                0.67898,                0.85877,                0.72963,                 1.2912,              0.0007426,              0.0007426,              0.0007426
                     28,                0.89511,                0.87318,                 1.2845,                0.85587,                0.80069,                0.86907,                0.68703,                0.82463,                0.70436,                 1.2791,              0.0007327,              0.0007327,              0.0007327
                     29,                0.88038,                0.84208,                 1.2801,                0.83153,                   0.84,                0.88244,                0.69732,                0.85902,                0.72356,                 1.2901,              0.0007228,              0.0007228,              0.0007228
                     30,                0.88842,                0.83095,                 1.2827,                0.82608,                 0.8113,                 0.8744,                0.69699,                0.82639,                0.70391,                 1.2665,              0.0007129,              0.0007129,              0.0007129
                     31,                0.87444,                0.82519,                 1.2691,                0.87314,                0.80008,                0.89539,                0.70523,                0.82111,                0.67173,                 1.2686,               0.000703,               0.000703,               0.000703
                     32,                0.87422,                0.80735,                 1.2656,                 0.8384,                0.80425,                0.88239,                0.69957,                  0.844,                0.69906,                 1.2801,              0.0006931,              0.0006931,              0.0006931
                     33,                0.87376,                0.79783,                 1.2687,                0.86921,                0.83964,                0.89329,                0.69968,                0.83432,                0.68647,                 1.2799,              0.0006832,              0.0006832,              0.0006832
                     34,                0.87567,                0.79053,                 1.2753,                0.83628,                0.83629,                0.89389,                0.70386,                0.85646,                0.68085,                 1.2862,              0.0006733,              0.0006733,              0.0006733
                     35,                0.86237,                 0.7885,                 1.2637,                0.87015,                0.83322,                0.89549,                0.71126,                 0.8182,                0.65811,                 1.2703,              0.0006634,              0.0006634,              0.0006634
                     36,                0.86117,                0.77823,                 1.2618,                0.84518,                0.82385,                0.88052,                0.69673,                0.81477,                0.70653,                 1.2977,              0.0006535,              0.0006535,              0.0006535
                     37,                 0.8475,                0.76617,                 1.2515,                0.84439,                 0.8611,                0.89385,                0.71442,                0.81876,                0.66169,                 1.2782,              0.0006436,              0.0006436,              0.0006436
                     38,                0.83724,                0.74028,                 1.2465,                  0.879,                0.80588,                0.89188,                0.70931,                 0.8284,                0.68717,                 1.2632,              0.0006337,              0.0006337,              0.0006337
                     39,                0.84532,                0.73162,                 1.2504,                0.82825,                0.85913,                 0.8993,                  0.714,                0.80137,                0.67213,                 1.2576,              0.0006238,              0.0006238,              0.0006238
                     40,                0.83522,                0.72372,                 1.2421,                0.86263,                0.84579,                 0.8976,                 0.7188,                0.80315,                0.63833,                 1.2453,              0.0006139,              0.0006139,              0.0006139
                     41,                0.82611,                0.71392,                 1.2393,                0.86601,                0.83489,                0.91044,                0.72675,                0.81822,                0.64228,                 1.2554,               0.000604,               0.000604,               0.000604
                     42,                 0.8153,                0.70762,                 1.2295,                0.84029,                0.83894,                0.90096,                0.72166,                 0.8043,                0.65678,                 1.2483,              0.0005941,              0.0005941,              0.0005941
                     43,                0.81772,                0.70674,                 1.2293,                0.88129,                0.81707,                  0.893,                 0.7097,                0.81127,                0.67634,                 1.2571,              0.0005842,              0.0005842,              0.0005842
                     44,                0.80864,                0.70153,                 1.2249,                 0.8425,                0.86144,                0.90957,                0.72689,                0.82168,                0.64412,                  1.257,              0.0005743,              0.0005743,              0.0005743
                     45,                0.81187,                 0.6887,                 1.2283,                0.87514,                0.82535,                0.90098,                0.71852,                0.82614,                0.63629,                 1.2631,              0.0005644,              0.0005644,              0.0005644
                     46,                0.80618,                 0.6825,                 1.2268,                0.87113,                0.83251,                    0.9,                0.72171,                 0.8324,                0.65084,                 1.2795,              0.0005545,              0.0005545,              0.0005545
                     47,                0.79766,                0.66608,                 1.2178,                0.89076,                0.82274,                0.88904,                0.71505,                0.82872,                 0.6768,                 1.2706,              0.0005446,              0.0005446,              0.0005446
                     48,                0.80644,                0.66569,                 1.2259,                0.84509,                 0.8516,                0.89606,                0.71553,                0.82801,                0.65775,                 1.2695,              0.0005347,              0.0005347,              0.0005347
                     49,                0.79026,                0.65792,                  1.218,                0.82986,                 0.8661,                0.88874,                0.70927,                0.81922,                0.66067,                 1.2659,              0.0005248,              0.0005248,              0.0005248
                     50,                  0.791,                0.65013,                 1.2084,                0.85669,                0.85481,                0.89797,                0.71647,                0.82316,                0.65496,                 1.2663,              0.0005149,              0.0005149,              0.0005149
                     51,                0.78239,                0.64315,                 1.2069,                0.84898,                0.86468,                0.89961,                0.72054,                0.82384,                 0.6625,                 1.2601,               0.000505,               0.000505,               0.000505
                     52,                0.77743,                0.63695,                 1.2067,                0.87086,                0.85224,                0.89671,                0.71513,                 0.8285,                0.66718,                 1.2698,              0.0004951,              0.0004951,              0.0004951
                     53,                0.78343,                0.62796,                 1.2069,                0.86253,                0.84082,                0.89375,                 0.7205,                0.81908,                0.65942,                 1.2586,              0.0004852,              0.0004852,              0.0004852
                     54,                0.76508,                0.62143,                 1.1985,                0.85252,                0.85433,                0.90415,                0.71734,                0.82354,                0.65564,                 1.2637,              0.0004753,              0.0004753,              0.0004753
                     55,                0.77117,                 0.6106,                 1.1948,                0.85348,                0.84946,                0.90007,                0.71746,                0.82252,                0.66847,                 1.2819,              0.0004654,              0.0004654,              0.0004654
                     56,                0.76556,                0.62729,                  1.195,                0.86834,                0.83655,                0.90889,                0.72772,                0.83049,                0.64733,                 1.2715,              0.0004555,              0.0004555,              0.0004555
                     57,                 0.7603,                 0.6027,                  1.193,                0.86887,                0.84354,                0.90459,                0.72194,                0.83196,                0.68101,                  1.273,              0.0004456,              0.0004456,              0.0004456
                     58,                0.75341,                0.59922,                 1.1842,                0.85435,                0.83694,                0.89204,                0.71626,                0.83603,                0.68213,                 1.2812,              0.0004357,              0.0004357,              0.0004357
                     59,                0.75771,                0.60025,                  1.192,                0.89038,                0.83871,                0.90223,                0.72664,                0.82287,                0.64621,                 1.2647,              0.0004258,              0.0004258,              0.0004258
                     60,                0.74242,                 0.5855,                 1.1783,                0.86441,                0.84346,                0.89684,                0.71659,                0.83248,                0.65075,                 1.2704,              0.0004159,              0.0004159,              0.0004159
                     61,                0.74056,                0.58805,                  1.182,                0.86899,                0.85925,                0.90875,                0.72557,                 0.8202,                0.66327,                 1.2725,               0.000406,               0.000406,               0.000406
                     62,                0.73231,                0.56418,                 1.1748,                0.88212,                0.84104,                0.90363,                0.72518,                0.82246,                0.66051,                 1.2716,              0.0003961,              0.0003961,              0.0003961
                     63,                0.72124,                0.56122,                 1.1695,                0.87788,                0.84676,                0.90141,                0.72207,                0.83578,                 0.6639,                 1.2839,              0.0003862,              0.0003862,              0.0003862
                     64,                0.72684,                0.55963,                 1.1724,                0.88721,                0.83872,                0.91453,                0.73597,                0.81645,                0.62777,                 1.2576,              0.0003763,              0.0003763,              0.0003763
                     65,                0.72885,                0.55509,                 1.1742,                0.86605,                0.86557,                0.91196,                0.72602,                0.83082,                0.63463,                 1.2714,              0.0003664,              0.0003664,              0.0003664
                     66,                0.71551,                0.56191,                 1.1696,                0.89632,                0.83097,                0.90701,                 0.7219,                0.83865,                0.65297,                 1.2803,              0.0003565,              0.0003565,              0.0003565
                     67,                0.71469,                0.55052,                 1.1631,                0.87401,                0.86143,                0.91585,                0.73187,                0.81422,                0.62542,                 1.2756,              0.0003466,              0.0003466,              0.0003466
                     68,                0.71288,                0.54243,                 1.1697,                0.90136,                0.82058,                0.90676,                0.72873,                0.81222,                0.62823,                 1.2803,              0.0003367,              0.0003367,              0.0003367
                     69,                0.70235,                0.53366,                 1.1561,                0.89985,                 0.8447,                0.91475,                0.73256,                0.82552,                0.61326,                 1.2798,              0.0003268,              0.0003268,              0.0003268
                     70,                0.69871,                0.52747,                 1.1551,                0.87667,                0.85857,                0.89244,                0.72079,                0.82955,                0.64134,                 1.2872,              0.0003169,              0.0003169,              0.0003169
                     71,                0.70303,                0.53187,                  1.156,                0.87719,                0.85263,                0.89153,                0.71583,                0.83156,                0.64766,                 1.2879,               0.000307,               0.000307,               0.000307
                     72,                0.69021,                0.52423,                 1.1506,                0.89548,                0.80938,                 0.9002,                0.72133,                0.81858,                0.66468,                 1.2652,              0.0002971,              0.0002971,              0.0002971
                     73,                0.68815,                0.52398,                 1.1514,                0.87498,                 0.8447,                0.89285,                0.71633,                0.81832,                0.64091,                  1.277,              0.0002872,              0.0002872,              0.0002872
                     74,                0.68841,                0.51269,                 1.1469,                0.88455,                0.86491,                 0.9024,                0.72224,                 0.8117,                0.59372,                 1.2754,              0.0002773,              0.0002773,              0.0002773
                     75,                0.66871,                0.50187,                 1.1386,                0.88623,                0.84137,                0.90193,                0.72435,                0.81693,                0.62163,                 1.2652,              0.0002674,              0.0002674,              0.0002674
                     76,                0.67523,                0.50756,                 1.1444,                0.90154,                 0.8404,                0.90599,                0.72979,                0.81195,                0.60621,                 1.2759,              0.0002575,              0.0002575,              0.0002575
                     77,                0.67162,                0.49808,                 1.1404,                0.89195,                0.85772,                0.90091,                0.72566,                0.80804,                0.61129,                 1.2753,              0.0002476,              0.0002476,              0.0002476
                     78,                0.66039,                0.48669,                  1.136,                0.87196,                0.86839,                0.90054,                0.72386,                0.81944,                0.60125,                 1.2834,              0.0002377,              0.0002377,              0.0002377
                     79,                0.65992,                0.48938,                 1.1357,                0.89861,                0.82603,                0.90434,                0.72488,                 0.8251,                0.61766,                 1.2882,              0.0002278,              0.0002278,              0.0002278
                     80,                0.66272,                0.48398,                 1.1356,                0.90517,                0.83855,                0.89875,                 0.7245,                0.81645,                0.63232,                 1.2811,              0.0002179,              0.0002179,              0.0002179
                     81,                0.64944,                0.48156,                 1.1265,                0.87588,                0.85667,                0.90888,                0.73177,                0.82819,                0.63068,                 1.2864,               0.000208,               0.000208,               0.000208
                     82,                0.64814,                0.47973,                  1.128,                0.90642,                0.83216,                0.90178,                 0.7249,                0.83574,                0.64429,                 1.2956,              0.0001981,              0.0001981,              0.0001981
                     83,                0.64006,                0.47717,                 1.1254,                0.87156,                 0.8725,                0.90684,                0.72397,                 0.8294,                0.60812,                 1.2902,              0.0001882,              0.0001882,              0.0001882
                     84,                 0.6349,                0.47266,                 1.1235,                0.87546,                0.86725,                0.90368,                0.72081,                0.82753,                 0.6269,                 1.2932,              0.0001783,              0.0001783,              0.0001783
